,Luchthaven,Jaartal,Totaal ATM,Totaal Commercieel ATM,C. Geregeld PAX ATM,C. Geregeld Cargo ATM,C. Ongeregeld PAX ATM,C. Ongeregeld Cargo ATM,C. Brandstof ATM,C. Positievlucht ATM,C. Taxivlucht ATM,C. Fotovlucht ATM,C. Rondvlucht ATM,C. Reclamevlucht ATM,C. Spuitvlucht ATM,C. Ambulancevlucht ATM,C. Overig ATM,Totaal Non-Commercieel ATM,NC. Zakenvlucht ATM,NC. Priv√©vlucht ATM,NC. Valschermvlucht ATM,NC. Zweefsleepvlucht ATM,NC. Politievlucht ATM,NC. Inspectievlucht ATM,NC. Maatschappelijke vlucht ATM,NC. Les/Oefenvlucht ATM,NC. Proef/Testvlucht ATM,NC. Overig ATM,Regio,Regio Totaal
11,Ameland,2010,4283.0,670.0,0.0,0.0,14.0,0.0,0.0,14.0,4.0,15.0,586.0,8.0,0.0,26.0,3.0,3613.0,18.0,2892.0,556.0,16.0,1.0,0.0,0.0,120.0,0.0,10.0,Noord,26259.0
12,Ameland,2011,4184.0,750.0,0.0,2.0,2.0,0.0,0.0,6.0,8.0,8.0,664.0,18.0,0.0,21.0,21.0,3434.0,2.0,2921.0,413.0,14.0,3.0,2.0,0.0,75.0,0.0,4.0,Noord,29596.0
13,Ameland,2012,3469.0,560.0,0.0,0.0,10.0,0.0,0.0,20.0,5.0,8.0,472.0,6.0,1.0,23.0,15.0,2909.0,2.0,2292.0,512.0,16.0,0.0,4.0,2.0,76.0,4.0,1.0,Noord,25016.0
14,Ameland,2013,4344.0,664.0,0.0,0.0,2.0,0.0,7.0,18.0,20.0,34.0,563.0,1.0,0.0,8.0,11.0,3680.0,4.0,2584.0,950.0,27.0,1.0,2.0,1.0,104.0,0.0,7.0,Noord,23444.0
15,Ameland,2014,4680.0,623.0,0.0,0.0,4.0,2.0,2.0,20.0,13.0,10.0,548.0,12.0,0.0,12.0,0.0,4057.0,20.0,2802.0,1066.0,112.0,0.0,2.0,3.0,48.0,2.0,2.0,Noord,22929.0
16,Ameland,2015,4840.0,728.0,0.0,0.0,4.0,0.0,0.0,22.0,0.0,20.0,630.0,5.0,0.0,12.0,35.0,4112.0,12.0,2823.0,1141.0,77.0,2.0,0.0,6.0,37.0,2.0,12.0,Noord,23334.0
17,Ameland,2016,4655.0,659.0,0.0,0.0,6.0,0.0,2.0,18.0,2.0,12.0,585.0,12.0,0.0,16.0,6.0,3996.0,11.0,2757.0,1157.0,13.0,4.0,4.0,3.0,32.0,5.0,10.0,Noord,21080.0
18,Ameland,2017,4308.0,584.0,0.0,0.0,13.0,0.0,0.0,40.0,5.0,28.0,455.0,10.0,0.0,18.0,15.0,3724.0,12.0,2544.0,1094.0,22.0,2.0,31.0,0.0,16.0,0.0,3.0,Noord,20284.0
19,Ameland,2018,4470.0,552.0,0.0,0.0,0.0,0.0,2.0,51.0,8.0,17.0,449.0,8.0,0.0,4.0,13.0,3918.0,21.0,2676.0,1062.0,20.0,3.0,35.0,16.0,73.0,2.0,10.0,Noord,25768.0
20,Ameland,2019,3956.0,402.0,0.0,0.0,1.0,0.0,3.0,18.0,4.0,14.0,336.0,10.0,0.0,2.0,14.0,3554.0,13.0,2507.0,924.0,18.0,2.0,55.0,0.0,28.0,2.0,5.0,Noord,22740.0
21,Ameland,2020,3304.0,750.0,0.0,0.0,3.0,1.0,0.0,9.0,0.0,22.0,698.0,6.0,0.0,0.0,11.0,2554.0,11.0,2263.0,21.0,56.0,0.0,42.0,3.0,156.0,0.0,2.0,Noord,22598.0
22,Budel,2010,53881.0,96.0,0.0,0.0,0.0,0.0,0.0,0.0,0.0,45.0,8.0,27.0,0.0,2.0,14.0,53785.0,1619.0,10573.0,28.0,1.0,18.0,596.0,0.0,36415.0,255.0,4280.0,Zuid,100908.0
23,Budel,2011,49193.0,139.0,1.0,16.0,0.0,0.0,0.0,1.0,0.0,43.0,2.0,46.0,0.0,0.0,30.0,49054.0,1580.0,10959.0,2.0,0.0,29.0,674.0,0.0,31922.0,210.0,3678.0,Zuid,94578.0
24,Budel,2012,39935.0,71.0,2.0,1.0,0.0,0.0,0.0,0.0,0.0,38.0,0.0,2.0,0.0,0.0,28.0,39864.0,1427.0,10940.0,0.0,1.0,11.0,904.0,0.0,22773.0,248.0,3560.0,Zuid,82106.0
25,Budel,2013,39457.0,11.0,0.0,0.0,0.0,0.0,2.0,0.0,0.0,7.0,0.0,0.0,0.0,2.0,0.0,39446.0,1413.0,13995.0,0.0,0.0,5.0,1047.0,0.0,20249.0,289.0,2448.0,Zuid,77429.0
26,Budel,2014,44008.0,56.0,0.0,0.0,0.0,0.0,0.0,0.0,0.0,32.0,0.0,24.0,0.0,0.0,0.0,43952.0,1287.0,16734.0,0.0,0.0,2.0,2137.0,0.0,20813.0,333.0,2646.0,Zuid,83466.0
27,Budel,2015,50109.0,36.0,1.0,0.0,3.0,0.0,0.0,0.0,0.0,3.0,0.0,5.0,0.0,0.0,24.0,50073.0,1163.0,21178.0,0.0,0.0,6.0,770.0,0.0,24000.0,372.0,2584.0,Zuid,87230.0
28,Budel,2016,49157.0,10.0,0.0,0.0,0.0,0.0,0.0,0.0,0.0,10.0,0.0,0.0,0.0,0.0,0.0,49147.0,1108.0,25029.0,18.0,0.0,8.0,930.0,0.0,19358.0,414.0,2282.0,Zuid,88804.0
29,Budel,2017,45731.0,79.0,0.0,0.0,0.0,0.0,1.0,0.0,0.0,4.0,74.0,0.0,0.0,0.0,0.0,45652.0,1138.0,23090.0,0.0,0.0,11.0,723.0,0.0,17823.0,557.0,2310.0,Zuid,84739.0
30,Budel,2018,45116.0,31.0,0.0,0.0,0.0,1.0,0.0,0.0,0.0,26.0,0.0,4.0,0.0,0.0,0.0,45085.0,1309.0,22123.0,4.0,0.0,2.0,997.0,0.0,18366.0,144.0,2140.0,Zuid,86125.0
31,Budel,2019,41829.0,10.0,0.0,0.0,0.0,0.0,0.0,0.0,0.0,10.0,0.0,0.0,0.0,0.0,0.0,41819.0,1139.0,15712.0,0.0,0.0,4.0,1511.0,0.0,20927.0,332.0,2194.0,Zuid,84701.0
32,Budel,2020,48484.0,30.0,0.0,0.0,2.0,0.0,0.0,0.0,0.0,2.0,0.0,8.0,0.0,2.0,16.0,48454.0,877.0,17303.0,0.0,0.0,4.0,1903.0,0.0,25308.0,693.0,2366.0,Zuid,85661.0
33,Drachten,2010,4327.0,6.0,0.0,0.0,0.0,0.0,0.0,0.0,0.0,1.0,0.0,2.0,0.0,0.0,3.0,4321.0,0.0,4316.0,3.0,0.0,0.0,0.0,0.0,0.0,0.0,2.0,Noord,26259.0
34,Drachten,2011,4826.0,4.0,0.0,0.0,0.0,0.0,0.0,0.0,0.0,0.0,2.0,2.0,0.0,0.0,0.0,4822.0,1.0,4819.0,0.0,0.0,0.0,0.0,0.0,0.0,0.0,2.0,Noord,29596.0
35,Drachten,2012,3966.0,0.0,0.0,0.0,0.0,0.0,0.0,0.0,0.0,0.0,0.0,0.0,0.0,0.0,0.0,3966.0,1.0,3960.0,1.0,0.0,0.0,0.0,0.0,0.0,0.0,4.0,Noord,25016.0
36,Drachten,2013,3669.0,2.0,0.0,0.0,0.0,0.0,0.0,0.0,0.0,2.0,0.0,0.0,0.0,0.0,0.0,3667.0,4.0,3651.0,10.0,0.0,0.0,0.0,0.0,0.0,0.0,2.0,Noord,23444.0
37,Drachten,2014,4347.0,0.0,0.0,0.0,0.0,0.0,0.0,0.0,0.0,0.0,0.0,0.0,0.0,0.0,0.0,4347.0,4.0,4331.0,0.0,2.0,0.0,0.0,0.0,4.0,0.0,6.0,Noord,22929.0
38,Drachten,2015,4573.0,19.0,0.0,0.0,1.0,0.0,0.0,0.0,0.0,0.0,0.0,0.0,0.0,0.0,18.0,4554.0,2.0,4525.0,3.0,0.0,0.0,0.0,0.0,6.0,2.0,16.0,Noord,23334.0
39,Drachten,2016,4380.0,3.0,0.0,0.0,1.0,0.0,0.0,0.0,0.0,0.0,0.0,0.0,0.0,0.0,2.0,4377.0,13.0,4313.0,4.0,2.0,0.0,0.0,0.0,0.0,0.0,45.0,Noord,21080.0
40,Drachten,2017,4810.0,4.0,0.0,0.0,0.0,0.0,0.0,0.0,0.0,0.0,0.0,0.0,0.0,0.0,4.0,4806.0,3.0,4726.0,1.0,0.0,0.0,0.0,0.0,36.0,1.0,39.0,Noord,20284.0
41,Drachten,2018,6176.0,0.0,0.0,0.0,0.0,0.0,0.0,0.0,0.0,0.0,0.0,0.0,0.0,0.0,0.0,6176.0,10.0,6128.0,8.0,0.0,0.0,0.0,0.0,10.0,8.0,12.0,Noord,25768.0
42,Drachten,2019,5191.0,0.0,0.0,0.0,0.0,0.0,0.0,0.0,0.0,0.0,0.0,0.0,0.0,0.0,0.0,5191.0,5.0,5160.0,0.0,10.0,0.0,0.0,0.0,0.0,0.0,16.0,Noord,22740.0
43,Drachten,2020,4339.0,0.0,0.0,0.0,0.0,0.0,0.0,0.0,0.0,0.0,0.0,0.0,0.0,0.0,0.0,4339.0,7.0,4276.0,0.0,0.0,0.0,0.0,0.0,2.0,0.0,54.0,Noord,22598.0
44,Hoogeveen,2010,17649.0,313.0,0.0,0.0,0.0,0.0,2.0,0.0,0.0,71.0,164.0,63.0,1.0,12.0,0.0,17336.0,10.0,6409.0,1240.0,3761.0,82.0,167.0,0.0,5656.0,1.0,10.0,Noord,26259.0
45,Hoogeveen,2011,20586.0,329.0,0.0,1.0,0.0,0.0,0.0,0.0,1.0,20.0,266.0,37.0,0.0,4.0,0.0,20257.0,2.0,7374.0,1362.0,3785.0,50.0,166.0,0.0,7475.0,39.0,4.0,Noord,29596.0
46,Hoogeveen,2012,17581.0,258.0,0.0,9.0,0.0,0.0,0.0,0.0,0.0,22.0,170.0,49.0,0.0,0.0,8.0,17323.0,5.0,6555.0,1193.0,3554.0,30.0,153.0,0.0,5769.0,40.0,24.0,Noord,25016.0
47,Hoogeveen,2013,15431.0,86.0,0.0,0.0,0.0,0.0,0.0,1.0,0.0,5.0,42.0,34.0,0.0,4.0,0.0,15345.0,0.0,5686.0,1203.0,3402.0,14.0,91.0,0.0,4918.0,31.0,0.0,Noord,23444.0
48,Hoogeveen,2014,13902.0,85.0,0.0,0.0,0.0,0.0,0.0,0.0,0.0,2.0,24.0,49.0,0.0,10.0,0.0,13817.0,0.0,4882.0,1377.0,3157.0,12.0,126.0,0.0,4257.0,6.0,0.0,Noord,22929.0
49,Hoogeveen,2015,13921.0,66.0,0.0,4.0,0.0,0.0,0.0,0.0,0.0,6.0,4.0,34.0,0.0,10.0,8.0,13855.0,6.0,5005.0,1210.0,3452.0,36.0,141.0,0.0,3966.0,35.0,4.0,Noord,23334.0
50,Hoogeveen,2016,12045.0,149.0,0.0,0.0,1.0,0.0,0.0,1.0,0.0,10.0,20.0,78.0,0.0,7.0,32.0,11896.0,21.0,5283.0,1229.0,2742.0,28.0,162.0,0.0,2280.0,122.0,29.0,Noord,21080.0
51,Hoogeveen,2017,11166.0,47.0,0.0,0.0,2.0,0.0,0.0,3.0,4.0,0.0,8.0,20.0,0.0,4.0,6.0,11119.0,12.0,5564.0,986.0,2441.0,14.0,102.0,0.0,1922.0,66.0,12.0,Noord,20284.0
52,Hoogeveen,2018,15122.0,212.0,0.0,0.0,0.0,0.0,0.0,0.0,0.0,0.0,76.0,70.0,0.0,3.0,63.0,14910.0,5.0,7591.0,936.0,3920.0,17.0,47.0,40.0,2275.0,66.0,13.0,Noord,25768.0
53,Hoogeveen,2019,13593.0,105.0,0.0,0.0,0.0,0.0,0.0,2.0,1.0,6.0,28.0,48.0,0.0,11.0,9.0,13488.0,23.0,6635.0,821.0,2587.0,19.0,48.0,17.0,3143.0,120.0,75.0,Noord,22740.0
54,Hoogeveen,2020,14955.0,76.0,0.0,0.0,0.0,4.0,0.0,3.0,1.0,10.0,2.0,32.0,0.0,6.0,18.0,14879.0,27.0,7813.0,596.0,2518.0,9.0,41.0,18.0,3682.0,125.0,50.0,Noord,22598.0
55,Hilversum,2010,40846.0,1332.0,1.0,2.0,2.0,0.0,0.0,0.0,2.0,674.0,256.0,363.0,4.0,5.0,23.0,39514.0,652.0,14289.0,1407.0,1806.0,6.0,163.0,18.0,20468.0,374.0,331.0,West,90405.0
56,Hilversum,2011,46728.0,1078.0,2.0,0.0,0.0,0.0,0.0,0.0,0.0,563.0,308.0,193.0,0.0,7.0,5.0,45650.0,602.0,16837.0,847.0,1951.0,2.0,108.0,4.0,24886.0,59.0,354.0,West,96081.0
57,Hilversum,2012,43738.0,936.0,0.0,0.0,2.0,0.0,2.0,13.0,1.0,527.0,188.0,177.0,0.0,5.0,21.0,42802.0,750.0,14163.0,1251.0,1894.0,22.0,152.0,4.0,23866.0,72.0,628.0,West,90061.0
58,Hilversum,2013,38803.0,872.0,0.0,0.0,1.0,0.0,0.0,3.0,0.0,478.0,240.0,134.0,0.0,4.0,12.0,37931.0,391.0,12986.0,991.0,1688.0,6.0,166.0,0.0,21301.0,44.0,358.0,West,83174.0
59,Hilversum,2014,45359.0,803.0,0.0,0.0,0.0,0.0,0.0,0.0,0.0,490.0,196.0,107.0,0.0,6.0,4.0,44556.0,357.0,17541.0,1036.0,2320.0,2.0,193.0,0.0,22917.0,18.0,172.0,West,92203.0
60,Hilversum,2015,43120.0,692.0,0.0,0.0,2.0,0.0,0.0,2.0,0.0,456.0,84.0,115.0,0.0,33.0,0.0,42428.0,204.0,17651.0,1118.0,1655.0,10.0,80.0,10.0,21465.0,26.0,209.0,West,89788.0
61,Hilversum,2016,45377.0,442.0,0.0,0.0,1.0,0.0,0.0,0.0,0.0,367.0,28.0,6.0,0.0,38.0,2.0,44935.0,187.0,18311.0,1055.0,1781.0,4.0,85.0,91.0,23259.0,54.0,108.0,West,90888.0
62,Hilversum,2017,43293.0,429.0,0.0,1.0,0.0,1.0,0.0,0.0,5.0,324.0,22.0,6.0,0.0,44.0,26.0,42864.0,140.0,16849.0,1083.0,1570.0,0.0,112.0,110.0,22718.0,46.0,236.0,West,87692.0
63,Hilversum,2018,45044.0,441.0,0.0,0.0,0.0,2.0,4.0,14.0,0.0,298.0,72.0,7.0,0.0,38.0,6.0,44603.0,178.0,17921.0,1261.0,1900.0,3.0,114.0,203.0,22747.0,18.0,258.0,West,94398.0
64,Hilversum,2019,42574.0,310.0,0.0,0.0,2.0,0.0,0.0,22.0,0.0,156.0,22.0,1.0,0.0,96.0,11.0,42264.0,88.0,15639.0,1076.0,1390.0,6.0,155.0,265.0,23512.0,34.0,99.0,West,95213.0
65,Hilversum,2020,41571.0,217.0,0.0,0.0,0.0,4.0,0.0,13.0,0.0,158.0,26.0,2.0,0.0,12.0,2.0,41354.0,69.0,17718.0,562.0,1600.0,8.0,94.0,316.0,20851.0,36.0,100.0,West,91733.0
66,Lelystad,2010,125679.0,7545.0,3.0,1.0,0.0,1.0,27.0,985.0,0.0,351.0,5960.0,53.0,0.0,4.0,160.0,118134.0,775.0,31296.0,26.0,0.0,160.0,243.0,41.0,85084.0,317.0,192.0,Oost,193076.0
67,Lelystad,2011,123044.0,6173.0,0.0,15.0,15.0,0.0,17.0,1240.0,0.0,204.0,4588.0,18.0,0.0,3.0,73.0,116871.0,545.0,30872.0,7.0,0.0,83.0,255.0,4.0,84706.0,273.0,126.0,Oost,197383.0
68,Lelystad,2012,114530.0,3356.0,0.0,0.0,0.0,1.0,2.0,1269.0,0.0,154.0,1854.0,12.0,0.0,3.0,61.0,111174.0,582.0,30790.0,20.0,0.0,86.0,191.0,7.0,79132.0,255.0,111.0,Oost,185193.0
69,Lelystad,2013,106080.0,4874.0,0.0,0.0,0.0,0.0,13.0,1210.0,0.0,248.0,3290.0,3.0,0.0,2.0,108.0,101206.0,556.0,27252.0,12.0,1.0,84.0,251.0,16.0,72724.0,200.0,110.0,Oost,171204.0
70,Lelystad,2014,98998.0,3804.0,0.0,0.0,1.0,0.0,9.0,1377.0,0.0,163.0,2218.0,5.0,0.0,1.0,30.0,95194.0,502.0,29621.0,7.0,0.0,13.0,223.0,4.0,64516.0,251.0,57.0,Oost,156258.0
71,Lelystad,2015,93818.0,4969.0,0.0,0.0,1.0,0.0,9.0,1377.0,0.0,256.0,3234.0,10.0,0.0,3.0,79.0,88849.0,387.0,29672.0,2.0,0.0,25.0,340.0,3.0,58186.0,202.0,32.0,Oost,136914.0
72,Lelystad,2016,91310.0,5203.0,0.0,0.0,2.0,0.0,7.0,1405.0,2.0,402.0,3242.0,0.0,0.0,9.0,134.0,86107.0,498.0,28869.0,6.0,0.0,73.0,419.0,2.0,55998.0,202.0,40.0,Oost,131967.0
73,Lelystad,2017,84218.0,4703.0,0.0,0.0,0.0,0.0,6.0,1227.0,5.0,312.0,3104.0,2.0,0.0,4.0,43.0,79515.0,396.0,25531.0,0.0,0.0,40.0,362.0,0.0,52976.0,162.0,48.0,Oost,123845.0
74,Lelystad,2018,103365.0,3768.0,0.0,0.0,0.0,0.0,1.0,1413.0,0.0,193.0,2100.0,0.0,0.0,4.0,57.0,99597.0,402.0,26051.0,22.0,0.0,24.0,251.0,4.0,72525.0,160.0,158.0,Oost,149409.0
75,Lelystad,2019,97387.0,3328.0,0.0,0.0,0.0,0.0,7.0,1081.0,3.0,313.0,1770.0,0.0,0.0,11.0,143.0,94059.0,299.0,20941.0,0.0,0.0,95.0,299.0,4.0,72123.0,235.0,63.0,Oost,142904.0
76,Lelystad,2020,76946.0,757.0,0.0,0.0,0.0,0.0,0.0,0.0,0.0,0.0,0.0,0.0,0.0,0.0,757.0,76189.0,177.0,13292.0,0.0,0.0,124.0,0.0,0.0,62482.0,62.0,52.0,Oost,125693.0
77,Midden-Zeeland,2010,24536.0,2146.0,5.0,4.0,8.0,0.0,0.0,4.0,2.0,257.0,1387.0,100.0,0.0,7.0,372.0,22390.0,150.0,11688.0,1979.0,1100.0,116.0,189.0,110.0,6538.0,259.0,261.0,West,90405.0
78,Midden-Zeeland,2011,24430.0,2138.0,2.0,1.0,16.0,0.0,0.0,24.0,0.0,267.0,1118.0,87.0,0.0,7.0,616.0,22292.0,250.0,11133.0,1849.0,1302.0,136.0,205.0,241.0,6807.0,238.0,131.0,West,96081.0
79,Midden-Zeeland,2012,21989.0,2236.0,0.0,2.0,34.0,0.0,2.0,30.0,0.0,262.0,792.0,139.0,1.0,8.0,966.0,19753.0,117.0,9387.0,1994.0,1193.0,123.0,198.0,246.0,6134.0,240.0,121.0,West,90061.0
80,Midden-Zeeland,2013,20914.0,1667.0,0.0,0.0,0.0,0.0,1.0,82.0,28.0,262.0,776.0,118.0,0.0,6.0,394.0,19247.0,42.0,9319.0,2104.0,1697.0,80.0,141.0,16.0,5645.0,153.0,50.0,West,83174.0
81,Midden-Zeeland,2014,20089.0,1840.0,0.0,0.0,26.0,0.0,16.0,399.0,0.0,262.0,662.0,141.0,0.0,4.0,330.0,18249.0,31.0,8083.0,2006.0,1744.0,17.0,137.0,15.0,5979.0,205.0,32.0,West,92203.0
82,Midden-Zeeland,2015,20904.0,1803.0,0.0,2.0,11.0,0.0,10.0,422.0,0.0,223.0,876.0,37.0,0.0,14.0,208.0,19101.0,70.0,9038.0,1772.0,1728.0,44.0,135.0,23.0,5983.0,197.0,111.0,West,89788.0
83,Midden-Zeeland,2016,20451.0,2199.0,0.0,0.0,16.0,1.0,6.0,143.0,2.0,207.0,1202.0,16.0,0.0,20.0,586.0,18252.0,26.0,8986.0,1724.0,1492.0,80.0,117.0,49.0,5548.0,215.0,15.0,West,90888.0
84,Midden-Zeeland,2017,20754.0,1690.0,0.0,0.0,5.0,4.0,4.0,208.0,4.0,161.0,1216.0,13.0,1.0,4.0,70.0,19064.0,69.0,10385.0,1615.0,1555.0,22.0,208.0,61.0,4989.0,145.0,15.0,West,87692.0
85,Midden-Zeeland,2018,25464.0,2108.0,0.0,0.0,2.0,0.0,4.0,92.0,3.0,166.0,1398.0,50.0,0.0,6.0,387.0,23356.0,83.0,10833.0,2167.0,1724.0,22.0,299.0,60.0,8006.0,121.0,41.0,West,94398.0
86,Midden-Zeeland,2019,27747.0,2635.0,0.0,0.0,5.0,4.0,3.0,29.0,0.0,353.0,1718.0,5.0,0.0,4.0,514.0,25112.0,50.0,10481.0,2061.0,1502.0,55.0,236.0,42.0,10476.0,175.0,34.0,West,95213.0
87,Midden-Zeeland,2020,27722.0,1936.0,0.0,0.0,8.0,2.0,8.0,33.0,0.0,419.0,772.0,8.0,0.0,4.0,682.0,25786.0,22.0,11651.0,1563.0,1299.0,44.0,175.0,41.0,10809.0,129.0,53.0,West,91733.0
99,Seppe,2010,47027.0,416.0,0.0,0.0,0.0,0.0,2.0,30.0,0.0,39.0,0.0,345.0,0.0,0.0,0.0,46611.0,245.0,11612.0,1399.0,144.0,64.0,161.0,2.0,32869.0,49.0,66.0,Zuid,100908.0
100,Seppe,2011,45385.0,998.0,0.0,0.0,0.0,0.0,0.0,49.0,0.0,72.0,268.0,603.0,0.0,2.0,4.0,44387.0,252.0,12693.0,1800.0,0.0,97.0,133.0,0.0,29306.0,62.0,44.0,Zuid,94578.0
101,Seppe,2012,42171.0,959.0,0.0,2.0,0.0,0.0,0.0,34.0,0.0,117.0,574.0,196.0,0.0,4.0,32.0,41212.0,356.0,12934.0,1818.0,0.0,76.0,356.0,0.0,25402.0,100.0,170.0,Zuid,82106.0
102,Seppe,2013,37972.0,836.0,0.0,0.0,0.0,0.0,0.0,11.0,3.0,51.0,518.0,245.0,0.0,2.0,6.0,37136.0,233.0,12222.0,1761.0,22.0,42.0,345.0,6.0,22371.0,62.0,72.0,Zuid,77429.0
103,Seppe,2014,39458.0,877.0,0.0,0.0,0.0,0.0,0.0,25.0,0.0,76.0,486.0,284.0,0.0,4.0,2.0,38581.0,329.0,12189.0,2282.0,28.0,51.0,404.0,0.0,23095.0,83.0,120.0,Zuid,83466.0
104,Seppe,2015,37121.0,1238.0,0.0,0.0,0.0,0.0,0.0,55.0,0.0,66.0,624.0,482.0,0.0,5.0,6.0,35883.0,235.0,11932.0,2137.0,42.0,32.0,447.0,2.0,20944.0,51.0,61.0,Zuid,87230.0
105,Seppe,2016,39647.0,1473.0,0.0,0.0,0.0,0.0,0.0,120.0,0.0,56.0,690.0,594.0,0.0,4.0,9.0,38174.0,213.0,12288.0,2065.0,42.0,72.0,543.0,14.0,22768.0,116.0,53.0,Zuid,88804.0
106,Seppe,2017,39008.0,1639.0,0.0,0.0,0.0,0.0,0.0,52.0,0.0,36.0,802.0,735.0,0.0,14.0,0.0,37369.0,179.0,11480.0,1500.0,24.0,36.0,545.0,9.0,23528.0,62.0,6.0,Zuid,84739.0
107,Seppe,2018,41009.0,1346.0,0.0,0.0,0.0,0.0,0.0,10.0,0.0,34.0,640.0,640.0,0.0,14.0,8.0,39663.0,174.0,10517.0,1374.0,34.0,24.0,560.0,10.0,26850.0,78.0,42.0,Zuid,86125.0
108,Seppe,2019,42872.0,774.0,0.0,0.0,0.0,0.0,0.0,17.0,0.0,27.0,432.0,276.0,0.0,12.0,10.0,42098.0,120.0,10092.0,1318.0,28.0,10.0,593.0,0.0,29870.0,54.0,13.0,Zuid,84701.0
109,Seppe,2020,37177.0,283.0,0.0,0.0,0.0,0.0,0.0,1.0,0.0,9.0,56.0,208.0,0.0,2.0,7.0,36894.0,80.0,10666.0,883.0,123.0,8.0,666.0,1.0,24403.0,38.0,26.0,Zuid,85661.0
110,Teuge,2010,67397.0,9748.0,0.0,0.0,0.0,0.0,136.0,557.0,7.0,643.0,8022.0,236.0,0.0,6.0,141.0,57649.0,317.0,7858.0,4452.0,636.0,275.0,701.0,0.0,43173.0,208.0,29.0,Oost,193076.0
111,Teuge,2011,74339.0,13822.0,0.0,4.0,0.0,0.0,59.0,25.0,0.0,504.0,12128.0,268.0,0.0,6.0,828.0,60517.0,259.0,8968.0,4388.0,974.0,142.0,785.0,0.0,44788.0,210.0,3.0,Oost,197383.0
112,Teuge,2012,70663.0,18366.0,0.0,1.0,2.0,0.0,25.0,0.0,1.0,636.0,16530.0,214.0,0.0,6.0,951.0,52297.0,224.0,8754.0,4122.0,851.0,66.0,540.0,3.0,37578.0,159.0,0.0,Oost,185193.0
113,Teuge,2013,65124.0,20447.0,0.0,0.0,0.0,0.0,20.0,1.0,1.0,576.0,18790.0,178.0,0.0,2.0,879.0,44677.0,194.0,9736.0,3911.0,825.0,81.0,512.0,6.0,29250.0,160.0,2.0,Oost,171204.0
114,Teuge,2014,57260.0,16811.0,0.0,0.0,0.0,0.0,31.0,0.0,0.0,634.0,15380.0,205.0,0.0,0.0,561.0,40449.0,233.0,11787.0,5043.0,1003.0,80.0,397.0,0.0,21720.0,174.0,12.0,Oost,156258.0
115,Teuge,2015,43096.0,14436.0,0.0,0.0,0.0,0.0,25.0,0.0,0.0,665.0,12716.0,283.0,0.0,2.0,745.0,28660.0,191.0,13027.0,5595.0,1069.0,70.0,517.0,0.0,7933.0,244.0,14.0,Oost,136914.0
116,Teuge,2016,40657.0,14277.0,0.0,0.0,0.0,0.0,12.0,0.0,0.0,644.0,12636.0,272.0,0.0,0.0,713.0,26380.0,170.0,11710.0,5958.0,717.0,85.0,806.0,0.0,6739.0,175.0,20.0,Oost,131967.0
117,Teuge,2017,39627.0,13288.0,0.0,0.0,0.0,0.0,21.0,0.0,0.0,515.0,11700.0,301.0,0.0,10.0,741.0,26339.0,98.0,12013.0,5264.0,734.0,90.0,804.0,0.0,7232.0,104.0,0.0,Oost,123845.0
118,Teuge,2018,46044.0,13617.0,0.0,0.0,0.0,0.0,7.0,0.0,0.0,850.0,11660.0,290.0,0.0,0.0,810.0,32427.0,154.0,13092.0,6077.0,1016.0,51.0,1286.0,0.0,10704.0,47.0,0.0,Oost,149409.0
119,Teuge,2019,45517.0,12074.0,0.0,0.0,0.0,0.0,4.0,0.0,0.0,714.0,10358.0,278.0,0.0,22.0,698.0,33443.0,96.0,11398.0,4957.0,1002.0,58.0,598.0,0.0,15144.0,190.0,0.0,Oost,142904.0
120,Teuge,2020,48747.0,9594.0,0.0,0.0,0.0,0.0,0.0,0.0,0.0,659.0,7790.0,485.0,0.0,12.0,648.0,39153.0,80.0,11739.0,4154.0,756.0,32.0,646.0,0.0,21571.0,175.0,0.0,Oost,125693.0
132,Texel,2010,25023.0,4234.0,0.0,3.0,116.0,0.0,0.0,124.0,0.0,127.0,3858.0,2.0,0.0,4.0,0.0,20789.0,207.0,8413.0,3856.0,0.0,55.0,295.0,30.0,7885.0,36.0,12.0,West,90405.0
133,Texel,2011,24923.0,3791.0,1.0,0.0,85.0,0.0,0.0,30.0,0.0,217.0,3450.0,2.0,0.0,4.0,2.0,21132.0,292.0,9860.0,3774.0,0.0,50.0,335.0,38.0,6757.0,12.0,14.0,West,96081.0
134,Texel,2012,24334.0,4134.0,0.0,1.0,73.0,0.0,0.0,24.0,0.0,210.0,3820.0,0.0,0.0,6.0,0.0,20200.0,325.0,9489.0,3819.0,0.0,58.0,315.0,24.0,6120.0,8.0,42.0,West,90061.0
135,Texel,2013,23457.0,4098.0,0.0,0.0,66.0,0.0,0.0,1.0,0.0,194.0,3834.0,0.0,0.0,2.0,1.0,19359.0,303.0,8832.0,3914.0,0.0,58.0,336.0,18.0,5884.0,10.0,4.0,West,83174.0
136,Texel,2014,26755.0,5564.0,0.0,0.0,71.0,0.0,0.0,0.0,0.0,249.0,5242.0,0.0,0.0,2.0,0.0,21191.0,294.0,8969.0,4130.0,0.0,93.0,300.0,40.0,7337.0,24.0,4.0,West,92203.0
137,Texel,2015,25764.0,6070.0,0.0,0.0,79.0,0.0,0.0,0.0,0.0,371.0,5618.0,2.0,0.0,0.0,0.0,19694.0,312.0,8960.0,4718.0,0.0,48.0,286.0,6.0,5300.0,32.0,32.0,West,89788.0
138,Texel,2016,25060.0,5952.0,0.0,0.0,58.0,0.0,0.0,0.0,0.0,400.0,5492.0,2.0,0.0,0.0,0.0,19108.0,234.0,8913.0,4143.0,0.0,44.0,295.0,8.0,5423.0,38.0,10.0,West,90888.0
139,Texel,2017,23645.0,5949.0,0.0,0.0,52.0,0.0,0.0,0.0,0.0,405.0,5488.0,2.0,0.0,2.0,0.0,17696.0,346.0,7568.0,4734.0,0.0,64.0,245.0,26.0,4635.0,66.0,12.0,West,87692.0
140,Texel,2018,23890.0,4779.0,0.0,0.0,66.0,0.0,0.0,0.0,0.0,371.0,4340.0,0.0,0.0,2.0,0.0,19111.0,392.0,8956.0,4152.0,0.0,44.0,263.0,18.0,5192.0,48.0,46.0,West,94398.0
141,Texel,2019,24892.0,5079.0,0.0,0.0,67.0,0.0,0.0,0.0,0.0,340.0,4670.0,0.0,0.0,2.0,0.0,19813.0,288.0,7837.0,3944.0,0.0,49.0,274.0,6.0,7295.0,118.0,2.0,West,95213.0
142,Texel,2020,22440.0,3844.0,0.0,0.0,37.0,0.0,0.0,0.0,0.0,404.0,3396.0,0.0,0.0,6.0,1.0,18596.0,140.0,8970.0,2968.0,0.0,24.0,187.0,8.0,6270.0,29.0,0.0,West,91733.0
